year,plant_time,type,yield,city_area
2016,2,陸稻,0,嘉義市
2016,2,長糯,0,嘉義市
2016,2,圓糯,3595,嘉義市
2016,2,秈稻,0,嘉義市
2016,2,在來,3890,嘉義市
2016,2,蓬萊,3400,嘉義市
2016,1,陸稻,0,嘉義市
2016,1,長糯,6745,嘉義市
2016,1,圓糯,6714,嘉義市
2016,1,秈稻,0,嘉義市
2016,1,在來,6938,嘉義市
2016,1,蓬萊,6785,嘉義市
2016,2,陸稻,0,新竹市
2016,2,長糯,0,新竹市
2016,2,圓糯,0,新竹市
2016,2,秈稻,0,新竹市
2016,2,在來,0,新竹市
2016,2,蓬萊,5118,新竹市
2016,1,陸稻,0,新竹市
2016,1,長糯,0,新竹市
2016,1,圓糯,0,新竹市
2016,1,秈稻,0,新竹市
2016,1,在來,0,新竹市
2016,1,蓬萊,5978,新竹市
2016,2,陸稻,0,基隆市
2016,2,長糯,0,基隆市
2016,2,圓糯,0,基隆市
2016,2,秈稻,0,基隆市
2016,2,在來,0,基隆市
2016,2,蓬萊,0,基隆市
2016,1,陸稻,0,基隆市
2016,1,長糯,0,基隆市
2016,1,圓糯,0,基隆市
2016,1,秈稻,0,基隆市
2016,1,在來,0,基隆市
2016,1,蓬萊,0,基隆市
2016,2,陸稻,0,澎湖縣
2016,2,長糯,0,澎湖縣
2016,2,圓糯,0,澎湖縣
2016,2,秈稻,0,澎湖縣
2016,2,在來,0,澎湖縣
2016,2,蓬萊,0,澎湖縣
2016,1,陸稻,0,澎湖縣
2016,1,長糯,0,澎湖縣
2016,1,圓糯,0,澎湖縣
2016,1,秈稻,0,澎湖縣
2016,1,在來,0,澎湖縣
2016,1,蓬萊,0,澎湖縣
2016,2,陸稻,0,花蓮縣
2016,2,長糯,2835,花蓮縣
2016,2,圓糯,4065,花蓮縣
2016,2,秈稻,4399,花蓮縣
2016,2,在來,0,花蓮縣
2016,2,蓬萊,3934,花蓮縣
2016,1,陸稻,0,花蓮縣
2016,1,長糯,7142,花蓮縣
2016,1,圓糯,5975,花蓮縣
2016,1,秈稻,6445,花蓮縣
2016,1,在來,0,花蓮縣
2016,1,蓬萊,6020,花蓮縣
2016,2,陸稻,0,臺東縣
2016,2,長糯,0,臺東縣
2016,2,圓糯,4354,臺東縣
2016,2,秈稻,0,臺東縣
2016,2,在來,0,臺東縣
2016,2,蓬萊,4313,臺東縣
2016,1,陸稻,0,臺東縣
2016,1,長糯,0,臺東縣
2016,1,圓糯,5924,臺東縣
2016,1,秈稻,0,臺東縣
2016,1,在來,0,臺東縣
2016,1,蓬萊,6158,臺東縣
2016,2,陸稻,0,屏東縣
2016,2,長糯,0,屏東縣
2016,2,圓糯,4189,屏東縣
2016,2,秈稻,0,屏東縣
2016,2,在來,0,屏東縣
2016,2,蓬萊,4188,屏東縣
2016,1,陸稻,0,屏東縣
2016,1,長糯,7411,屏東縣
2016,1,圓糯,7406,屏東縣
2016,1,秈稻,0,屏東縣
2016,1,在來,7439,屏東縣
2016,1,蓬萊,7426,屏東縣
2016,2,陸稻,0,高雄縣
2016,2,長糯,0,高雄縣
2016,2,圓糯,0,高雄縣
2016,2,秈稻,0,高雄縣
2016,2,在來,0,高雄縣
2016,2,蓬萊,0,高雄縣
2016,1,陸稻,0,高雄縣
2016,1,長糯,0,高雄縣
2016,1,圓糯,0,高雄縣
2016,1,秈稻,0,高雄縣
2016,1,在來,0,高雄縣
2016,1,蓬萊,0,高雄縣
2016,2,陸稻,0,臺南縣
2016,2,長糯,0,臺南縣
2016,2,圓糯,0,臺南縣
2016,2,秈稻,0,臺南縣
2016,2,在來,0,臺南縣
2016,2,蓬萊,0,臺南縣
2016,1,陸稻,0,臺南縣
2016,1,長糯,0,臺南縣
2016,1,圓糯,0,臺南縣
2016,1,秈稻,0,臺南縣
2016,1,在來,0,臺南縣
2016,1,蓬萊,0,臺南縣
2016,2,陸稻,0,嘉義縣
2016,2,長糯,3337,嘉義縣
2016,2,圓糯,3243,嘉義縣
2016,2,秈稻,3254,嘉義縣
2016,2,在來,4002,嘉義縣
2016,2,蓬萊,3328,嘉義縣
2016,1,陸稻,0,嘉義縣
2016,1,長糯,6815,嘉義縣
2016,1,圓糯,6670,嘉義縣
2016,1,秈稻,6501,嘉義縣
2016,1,在來,7033,嘉義縣
2016,1,蓬萊,6945,嘉義縣
2016,2,陸稻,0,雲林縣
2016,2,長糯,4740,雲林縣
2016,2,圓糯,4824,雲林縣
2016,2,秈稻,5058,雲林縣
2016,2,在來,5143,雲林縣
2016,2,蓬萊,5263,雲林縣
2016,1,陸稻,0,雲林縣
2016,1,長糯,7401,雲林縣
2016,1,圓糯,7415,雲林縣
2016,1,秈稻,6975,雲林縣
2016,1,在來,7317,雲林縣
2016,1,蓬萊,7562,雲林縣
2016,2,陸稻,0,南投縣
2016,2,長糯,5055,南投縣
2016,2,圓糯,5165,南投縣
2016,2,秈稻,0,南投縣
2016,2,在來,0,南投縣
2016,2,蓬萊,5252,南投縣
2016,1,陸稻,0,南投縣
2016,1,長糯,0,南投縣
2016,1,圓糯,0,南投縣
2016,1,秈稻,6800,南投縣
2016,1,在來,0,南投縣
2016,1,蓬萊,6937,南投縣
2016,2,陸稻,0,彰化縣
2016,2,長糯,4287,彰化縣
2016,2,圓糯,4508,彰化縣
2016,2,秈稻,4009,彰化縣
2016,2,在來,4750,彰化縣
2016,2,蓬萊,4469,彰化縣
2016,1,陸稻,0,彰化縣
2016,1,長糯,7035,彰化縣
2016,1,圓糯,7268,彰化縣
2016,1,秈稻,7187,彰化縣
2016,1,在來,7323,彰化縣
2016,1,蓬萊,7287,彰化縣
2016,2,陸稻,0,臺中縣
2016,2,長糯,0,臺中縣
2016,2,圓糯,0,臺中縣
2016,2,秈稻,0,臺中縣
2016,2,在來,0,臺中縣
2016,2,蓬萊,0,臺中縣
2016,1,陸稻,0,臺中縣
2016,1,長糯,0,臺中縣
2016,1,圓糯,0,臺中縣
2016,1,秈稻,0,臺中縣
2016,1,在來,0,臺中縣
2016,1,蓬萊,0,臺中縣
2016,2,陸稻,0,苗栗縣
2016,2,長糯,3620,苗栗縣
2016,2,圓糯,3875,苗栗縣
2016,2,秈稻,3445,苗栗縣
2016,2,在來,3510,苗栗縣
2016,2,蓬萊,3695,苗栗縣
2016,1,陸稻,0,苗栗縣
2016,1,長糯,6970,苗栗縣
2016,1,圓糯,6965,苗栗縣
2016,1,秈稻,6966,苗栗縣
2016,1,在來,6562,苗栗縣
2016,1,蓬萊,6412,苗栗縣
2016,2,陸稻,0,新竹縣
2016,2,長糯,0,新竹縣
2016,2,圓糯,0,新竹縣
2016,2,秈稻,0,新竹縣
2016,2,在來,3335,新竹縣
2016,2,蓬萊,4702,新竹縣
2016,1,陸稻,0,新竹縣
2016,1,長糯,0,新竹縣
2016,1,圓糯,5124,新竹縣
2016,1,秈稻,5124,新竹縣
2016,1,在來,5051,新竹縣
2016,1,蓬萊,5298,新竹縣
2016,2,陸稻,0,宜蘭縣
2016,2,長糯,0,宜蘭縣
2016,2,圓糯,0,宜蘭縣
2016,2,秈稻,0,宜蘭縣
2016,2,在來,0,宜蘭縣
2016,2,蓬萊,0,宜蘭縣
2016,1,陸稻,0,宜蘭縣
2016,1,長糯,6034,宜蘭縣
2016,1,圓糯,6255,宜蘭縣
2016,1,秈稻,6233,宜蘭縣
2016,1,在來,0,宜蘭縣
2016,1,蓬萊,6208,宜蘭縣
2016,2,陸稻,0,高雄市
2016,2,長糯,3663,高雄市
2016,2,圓糯,0,高雄市
2016,2,秈稻,3972,高雄市
2016,2,在來,3850,高雄市
2016,2,蓬萊,3891,高雄市
2016,1,陸稻,0,高雄市
2016,1,長糯,7322,高雄市
2016,1,圓糯,7172,高雄市
2016,1,秈稻,7174,高雄市
2016,1,在來,0,高雄市
2016,1,蓬萊,7263,高雄市
2016,2,陸稻,0,臺南市
2016,2,長糯,3638,臺南市
2016,2,圓糯,3552,臺南市
2016,2,秈稻,3802,臺南市
2016,2,在來,3284,臺南市
2016,2,蓬萊,3894,臺南市
2016,1,陸稻,0,臺南市
2016,1,長糯,7012,臺南市
2016,1,圓糯,7184,臺南市
2016,1,秈稻,7179,臺南市
2016,1,在來,7701,臺南市
2016,1,蓬萊,7348,臺南市
2016,2,陸稻,0,臺中市
2016,2,長糯,0,臺中市
2016,2,圓糯,4016,臺中市
2016,2,秈稻,2783,臺中市
2016,2,在來,3243,臺中市
2016,2,蓬萊,3431,臺中市
2016,1,陸稻,0,臺中市
2016,1,長糯,7451,臺中市
2016,1,圓糯,7251,臺中市
2016,1,秈稻,6740,臺中市
2016,1,在來,6887,臺中市
2016,1,蓬萊,6957,臺中市
2016,2,陸稻,0,桃園市
2016,2,長糯,0,桃園市
2016,2,圓糯,0,桃園市
2016,2,秈稻,0,桃園市
2016,2,在來,0,桃園市
2016,2,蓬萊,3164,桃園市
2016,1,陸稻,0,桃園市
2016,1,長糯,0,桃園市
2016,1,圓糯,5786,桃園市
2016,1,秈稻,5682,桃園市
2016,1,在來,5787,桃園市
2016,1,蓬萊,5508,桃園市
2016,2,陸稻,0,臺北市
2016,2,長糯,0,臺北市
2016,2,圓糯,0,臺北市
2016,2,秈稻,0,臺北市
2016,2,在來,0,臺北市
2016,2,蓬萊,2200,臺北市
2016,1,陸稻,0,臺北市
2016,1,長糯,0,臺北市
2016,1,圓糯,0,臺北市
2016,1,秈稻,0,臺北市
2016,1,在來,0,臺北市
2016,1,蓬萊,5253,臺北市
2016,2,陸稻,0,新北市
2016,2,長糯,0,新北市
2016,2,圓糯,0,新北市
2016,2,秈稻,0,新北市
2016,2,在來,0,新北市
2016,2,蓬萊,2300,新北市
2016,1,陸稻,0,新北市
2016,1,長糯,0,新北市
2016,1,圓糯,0,新北市
2016,1,秈稻,0,新北市
2016,1,在來,0,新北市
2016,1,蓬萊,5517,新北市
2015,2,陸稻,0,嘉義市
2015,2,長糯,0,嘉義市
2015,2,圓糯,5068,嘉義市
2015,2,秈稻,0,嘉義市
2015,2,在來,5185,嘉義市
2015,2,蓬萊,5074,嘉義市
2015,1,陸稻,0,嘉義市
2015,1,長糯,7209,嘉義市
2015,1,圓糯,7207,嘉義市
2015,1,秈稻,0,嘉義市
2015,1,在來,7211,嘉義市
2015,1,蓬萊,7095,嘉義市
2015,2,陸稻,0,新竹市
2015,2,長糯,0,新竹市
2015,2,圓糯,0,新竹市
2015,2,秈稻,0,新竹市
2015,2,在來,0,新竹市
2015,2,蓬萊,5281,新竹市
2015,1,陸稻,0,新竹市
2015,1,長糯,0,新竹市
2015,1,圓糯,0,新竹市
2015,1,秈稻,0,新竹市
2015,1,在來,0,新竹市
2015,1,蓬萊,5250,新竹市
2015,2,陸稻,0,基隆市
2015,2,長糯,0,基隆市
2015,2,圓糯,0,基隆市
2015,2,秈稻,0,基隆市
2015,2,在來,0,基隆市
2015,2,蓬萊,0,基隆市
2015,1,陸稻,0,基隆市
2015,1,長糯,0,基隆市
2015,1,圓糯,0,基隆市
2015,1,秈稻,0,基隆市
2015,1,在來,0,基隆市
2015,1,蓬萊,0,基隆市
2015,2,陸稻,0,澎湖縣
2015,2,長糯,0,澎湖縣
2015,2,圓糯,0,澎湖縣
2015,2,秈稻,0,澎湖縣
2015,2,在來,0,澎湖縣
2015,2,蓬萊,0,澎湖縣
2015,1,陸稻,0,澎湖縣
2015,1,長糯,0,澎湖縣
2015,1,圓糯,0,澎湖縣
2015,1,秈稻,0,澎湖縣
2015,1,在來,0,澎湖縣
2015,1,蓬萊,0,澎湖縣
2015,2,陸稻,0,花蓮縣
2015,2,長糯,4067,花蓮縣
2015,2,圓糯,4227,花蓮縣
2015,2,秈稻,4279,花蓮縣
2015,2,在來,4067,花蓮縣
2015,2,蓬萊,4866,花蓮縣
2015,1,陸稻,0,花蓮縣
2015,1,長糯,6544,花蓮縣
2015,1,圓糯,6179,花蓮縣
2015,1,秈稻,6206,花蓮縣
2015,1,在來,0,花蓮縣
2015,1,蓬萊,6055,花蓮縣
2015,2,陸稻,0,臺東縣
2015,2,長糯,0,臺東縣
2015,2,圓糯,5752,臺東縣
2015,2,秈稻,0,臺東縣
2015,2,在來,0,臺東縣
2015,2,蓬萊,5678,臺東縣
2015,1,陸稻,0,臺東縣
2015,1,長糯,0,臺東縣
2015,1,圓糯,6286,臺東縣
2015,1,秈稻,0,臺東縣
2015,1,在來,0,臺東縣
2015,1,蓬萊,7133,臺東縣
2015,2,陸稻,0,屏東縣
2015,2,長糯,4210,屏東縣
2015,2,圓糯,4200,屏東縣
2015,2,秈稻,0,屏東縣
2015,2,在來,0,屏東縣
2015,2,蓬萊,4206,屏東縣
2015,1,陸稻,0,屏東縣
2015,1,長糯,7437,屏東縣
2015,1,圓糯,7432,屏東縣
2015,1,秈稻,0,屏東縣
2015,1,在來,7440,屏東縣
2015,1,蓬萊,7435,屏東縣
2015,2,陸稻,0,高雄縣
2015,2,長糯,0,高雄縣
2015,2,圓糯,0,高雄縣
2015,2,秈稻,0,高雄縣
2015,2,在來,0,高雄縣
2015,2,蓬萊,0,高雄縣
2015,1,陸稻,0,高雄縣
2015,1,長糯,0,高雄縣
2015,1,圓糯,0,高雄縣
2015,1,秈稻,0,高雄縣
2015,1,在來,0,高雄縣
2015,1,蓬萊,0,高雄縣
2015,2,陸稻,0,臺南縣
2015,2,長糯,0,臺南縣
2015,2,圓糯,0,臺南縣
2015,2,秈稻,0,臺南縣
2015,2,在來,0,臺南縣
2015,2,蓬萊,0,臺南縣
2015,1,陸稻,0,臺南縣
2015,1,長糯,0,臺南縣
2015,1,圓糯,0,臺南縣
2015,1,秈稻,0,臺南縣
2015,1,在來,0,臺南縣
2015,1,蓬萊,0,臺南縣
2015,2,陸稻,0,嘉義縣
2015,2,長糯,5188,嘉義縣
2015,2,圓糯,5163,嘉義縣
2015,2,秈稻,5096,嘉義縣
2015,2,在來,5163,嘉義縣
2015,2,蓬萊,5035,嘉義縣
2015,1,陸稻,0,嘉義縣
2015,1,長糯,7272,嘉義縣
2015,1,圓糯,7326,嘉義縣
2015,1,秈稻,7071,嘉義縣
2015,1,在來,7203,嘉義縣
2015,1,蓬萊,7170,嘉義縣
2015,2,陸稻,0,雲林縣
2015,2,長糯,5013,雲林縣
2015,2,圓糯,5064,雲林縣
2015,2,秈稻,5084,雲林縣
2015,2,在來,5130,雲林縣
2015,2,蓬萊,5183,雲林縣
2015,1,陸稻,0,雲林縣
2015,1,長糯,7228,雲林縣
2015,1,圓糯,8240,雲林縣
2015,1,秈稻,7112,雲林縣
2015,1,在來,7530,雲林縣
2015,1,蓬萊,7983,雲林縣
2015,2,陸稻,0,南投縣
2015,2,長糯,5183,南投縣
2015,2,圓糯,5123,南投縣
2015,2,秈稻,0,南投縣
2015,2,在來,0,南投縣
2015,2,蓬萊,5494,南投縣
2015,1,陸稻,0,南投縣
2015,1,長糯,7198,南投縣
2015,1,圓糯,7289,南投縣
2015,1,秈稻,7471,南投縣
2015,1,在來,0,南投縣
2015,1,蓬萊,7222,南投縣
2015,2,陸稻,0,彰化縣
2015,2,長糯,5269,彰化縣
2015,2,圓糯,5119,彰化縣
2015,2,秈稻,4402,彰化縣
2015,2,在來,3843,彰化縣
2015,2,蓬萊,5140,彰化縣
2015,1,陸稻,0,彰化縣
2015,1,長糯,7209,彰化縣
2015,1,圓糯,7585,彰化縣
2015,1,秈稻,7173,彰化縣
2015,1,在來,7509,彰化縣
2015,1,蓬萊,7570,彰化縣
2015,2,陸稻,0,臺中縣
2015,2,長糯,0,臺中縣
2015,2,圓糯,0,臺中縣
2015,2,秈稻,0,臺中縣
2015,2,在來,0,臺中縣
2015,2,蓬萊,0,臺中縣
2015,1,陸稻,0,臺中縣
2015,1,長糯,0,臺中縣
2015,1,圓糯,0,臺中縣
2015,1,秈稻,0,臺中縣
2015,1,在來,0,臺中縣
2015,1,蓬萊,0,臺中縣
2015,2,陸稻,0,苗栗縣
2015,2,長糯,3940,苗栗縣
2015,2,圓糯,4494,苗栗縣
2015,2,秈稻,3975,苗栗縣
2015,2,在來,4014,苗栗縣
2015,2,蓬萊,4636,苗栗縣
2015,1,陸稻,0,苗栗縣
2015,1,長糯,0,苗栗縣
2015,1,圓糯,6280,苗栗縣
2015,1,秈稻,6210,苗栗縣
2015,1,在來,6210,苗栗縣
2015,1,蓬萊,6421,苗栗縣
2015,2,陸稻,0,新竹縣
2015,2,長糯,0,新竹縣
2015,2,圓糯,0,新竹縣
2015,2,秈稻,0,新竹縣
2015,2,在來,0,新竹縣
2015,2,蓬萊,4795,新竹縣
2015,1,陸稻,0,新竹縣
2015,1,長糯,0,新竹縣
2015,1,圓糯,0,新竹縣
2015,1,秈稻,0,新竹縣
2015,1,在來,0,新竹縣
2015,1,蓬萊,5995,新竹縣
2015,2,陸稻,0,宜蘭縣
2015,2,長糯,0,宜蘭縣
2015,2,圓糯,0,宜蘭縣
2015,2,秈稻,0,宜蘭縣
2015,2,在來,0,宜蘭縣
2015,2,蓬萊,2043,宜蘭縣
2015,1,陸稻,0,宜蘭縣
2015,1,長糯,6784,宜蘭縣
2015,1,圓糯,6797,宜蘭縣
2015,1,秈稻,6635,宜蘭縣
2015,1,在來,0,宜蘭縣
2015,1,蓬萊,6658,宜蘭縣
2015,2,陸稻,0,高雄市
2015,2,長糯,4024,高雄市
2015,2,圓糯,0,高雄市
2015,2,秈稻,4207,高雄市
2015,2,在來,4239,高雄市
2015,2,蓬萊,4407,高雄市
2015,1,陸稻,0,高雄市
2015,1,長糯,7030,高雄市
2015,1,圓糯,7006,高雄市
2015,1,秈稻,7220,高雄市
2015,1,在來,7117,高雄市
2015,1,蓬萊,7335,高雄市
2015,2,陸稻,0,臺南市
2015,2,長糯,3658,臺南市
2015,2,圓糯,3852,臺南市
2015,2,秈稻,3172,臺南市
2015,2,在來,4000,臺南市
2015,2,蓬萊,5151,臺南市
2015,1,陸稻,0,臺南市
2015,1,長糯,7550,臺南市
2015,1,圓糯,7342,臺南市
2015,1,秈稻,7341,臺南市
2015,1,在來,7421,臺南市
2015,1,蓬萊,7449,臺南市
2015,2,陸稻,0,臺中市
2015,2,長糯,0,臺中市
2015,2,圓糯,4948,臺中市
2015,2,秈稻,4245,臺中市
2015,2,在來,4149,臺中市
2015,2,蓬萊,4508,臺中市
2015,1,陸稻,0,臺中市
2015,1,長糯,5710,臺中市
2015,1,圓糯,6624,臺中市
2015,1,秈稻,6003,臺中市
2015,1,在來,5777,臺中市
2015,1,蓬萊,7139,臺中市
2015,2,陸稻,0,桃園市
2015,2,長糯,0,桃園市
2015,2,圓糯,0,桃園市
2015,2,秈稻,4850,桃園市
2015,2,在來,4950,桃園市
2015,2,蓬萊,3897,桃園市
2015,1,陸稻,0,桃園市
2015,1,長糯,0,桃園市
2015,1,圓糯,0,桃園市
2015,1,秈稻,5902,桃園市
2015,1,在來,6559,桃園市
2015,1,蓬萊,5506,桃園市
2015,2,陸稻,0,臺北市
2015,2,長糯,0,臺北市
2015,2,圓糯,0,臺北市
2015,2,秈稻,0,臺北市
2015,2,在來,0,臺北市
2015,2,蓬萊,2223,臺北市
2015,1,陸稻,0,臺北市
2015,1,長糯,0,臺北市
2015,1,圓糯,0,臺北市
2015,1,秈稻,0,臺北市
2015,1,在來,0,臺北市
2015,1,蓬萊,5423,臺北市
2015,2,陸稻,0,新北市
2015,2,長糯,0,新北市
2015,2,圓糯,0,新北市
2015,2,秈稻,0,新北市
2015,2,在來,0,新北市
2015,2,蓬萊,1854,新北市
2015,1,陸稻,0,新北市
2015,1,長糯,0,新北市
2015,1,圓糯,5700,新北市
2015,1,秈稻,0,新北市
2015,1,在來,0,新北市
2015,1,蓬萊,5524,新北市
2014,2,陸稻,0,嘉義市
2014,2,長糯,6190,嘉義市
2014,2,圓糯,6079,嘉義市
2014,2,秈稻,0,嘉義市
2014,2,在來,6194,嘉義市
2014,2,蓬萊,6077,嘉義市
2014,1,陸稻,0,嘉義市
2014,1,長糯,0,嘉義市
2014,1,圓糯,7110,嘉義市
2014,1,秈稻,0,嘉義市
2014,1,在來,6955,嘉義市
2014,1,蓬萊,7037,嘉義市
2014,2,陸稻,0,新竹市
2014,2,長糯,0,新竹市
2014,2,圓糯,0,新竹市
2014,2,秈稻,0,新竹市
2014,2,在來,0,新竹市
2014,2,蓬萊,5223,新竹市
2014,1,陸稻,0,新竹市
2014,1,長糯,0,新竹市
2014,1,圓糯,0,新竹市
2014,1,秈稻,0,新竹市
2014,1,在來,0,新竹市
2014,1,蓬萊,5605,新竹市
2014,2,陸稻,0,基隆市
2014,2,長糯,0,基隆市
2014,2,圓糯,0,基隆市
2014,2,秈稻,0,基隆市
2014,2,在來,0,基隆市
2014,2,蓬萊,0,基隆市
2014,1,陸稻,0,基隆市
2014,1,長糯,0,基隆市
2014,1,圓糯,0,基隆市
2014,1,秈稻,0,基隆市
2014,1,在來,0,基隆市
2014,1,蓬萊,0,基隆市
2014,2,陸稻,0,澎湖縣
2014,2,長糯,0,澎湖縣
2014,2,圓糯,0,澎湖縣
2014,2,秈稻,0,澎湖縣
2014,2,在來,0,澎湖縣
2014,2,蓬萊,0,澎湖縣
2014,1,陸稻,0,澎湖縣
2014,1,長糯,0,澎湖縣
2014,1,圓糯,0,澎湖縣
2014,1,秈稻,0,澎湖縣
2014,1,在來,0,澎湖縣
2014,1,蓬萊,0,澎湖縣
2014,2,陸稻,0,花蓮縣
2014,2,長糯,5322,花蓮縣
2014,2,圓糯,5372,花蓮縣
2014,2,秈稻,5363,花蓮縣
2014,2,在來,5542,花蓮縣
2014,2,蓬萊,5274,花蓮縣
2014,1,陸稻,0,花蓮縣
2014,1,長糯,5698,花蓮縣
2014,1,圓糯,5707,花蓮縣
2014,1,秈稻,5744,花蓮縣
2014,1,在來,0,花蓮縣
2014,1,蓬萊,5533,花蓮縣
2014,2,陸稻,0,臺東縣
2014,2,長糯,0,臺東縣
2014,2,圓糯,4942,臺東縣
2014,2,秈稻,0,臺東縣
2014,2,在來,0,臺東縣
2014,2,蓬萊,6009,臺東縣
2014,1,陸稻,0,臺東縣
2014,1,長糯,0,臺東縣
2014,1,圓糯,5740,臺東縣
2014,1,秈稻,0,臺東縣
2014,1,在來,0,臺東縣
2014,1,蓬萊,6022,臺東縣
2014,2,陸稻,0,屏東縣
2014,2,長糯,4993,屏東縣
2014,2,圓糯,4993,屏東縣
2014,2,秈稻,0,屏東縣
2014,2,在來,5010,屏東縣
2014,2,蓬萊,5008,屏東縣
2014,1,陸稻,0,屏東縣
2014,1,長糯,7118,屏東縣
2014,1,圓糯,7109,屏東縣
2014,1,秈稻,0,屏東縣
2014,1,在來,7453,屏東縣
2014,1,蓬萊,7386,屏東縣
2014,2,陸稻,0,高雄縣
2014,2,長糯,0,高雄縣
2014,2,圓糯,0,高雄縣
2014,2,秈稻,0,高雄縣
2014,2,在來,0,高雄縣
2014,2,蓬萊,0,高雄縣
2014,1,陸稻,0,高雄縣
2014,1,長糯,0,高雄縣
2014,1,圓糯,0,高雄縣
2014,1,秈稻,0,高雄縣
2014,1,在來,0,高雄縣
2014,1,蓬萊,0,高雄縣
2014,2,陸稻,0,臺南縣
2014,2,長糯,0,臺南縣
2014,2,圓糯,0,臺南縣
2014,2,秈稻,0,臺南縣
2014,2,在來,0,臺南縣
2014,2,蓬萊,0,臺南縣
2014,1,陸稻,0,臺南縣
2014,1,長糯,0,臺南縣
2014,1,圓糯,0,臺南縣
2014,1,秈稻,0,臺南縣
2014,1,在來,0,臺南縣
2014,1,蓬萊,0,臺南縣
2014,2,陸稻,0,嘉義縣
2014,2,長糯,6170,嘉義縣
2014,2,圓糯,6072,嘉義縣
2014,2,秈稻,6220,嘉義縣
2014,2,在來,6135,嘉義縣
2014,2,蓬萊,6044,嘉義縣
2014,1,陸稻,0,嘉義縣
2014,1,長糯,7073,嘉義縣
2014,1,圓糯,7115,嘉義縣
2014,1,秈稻,7011,嘉義縣
2014,1,在來,7068,嘉義縣
2014,1,蓬萊,7050,嘉義縣
2014,2,陸稻,0,雲林縣
2014,2,長糯,6531,雲林縣
2014,2,圓糯,6294,雲林縣
2014,2,秈稻,5776,雲林縣
2014,2,在來,6098,雲林縣
2014,2,蓬萊,6385,雲林縣
2014,1,陸稻,0,雲林縣
2014,1,長糯,7516,雲林縣
2014,1,圓糯,7521,雲林縣
2014,1,秈稻,6809,雲林縣
2014,1,在來,7534,雲林縣
2014,1,蓬萊,7266,雲林縣
2014,2,陸稻,0,南投縣
2014,2,長糯,6430,南投縣
2014,2,圓糯,6558,南投縣
2014,2,秈稻,0,南投縣
2014,2,在來,0,南投縣
2014,2,蓬萊,6551,南投縣
2014,1,陸稻,0,南投縣
2014,1,長糯,6889,南投縣
2014,1,圓糯,6895,南投縣
2014,1,秈稻,6618,南投縣
2014,1,在來,0,南投縣
2014,1,蓬萊,6780,南投縣
2014,2,陸稻,0,彰化縣
2014,2,長糯,5906,彰化縣
2014,2,圓糯,6659,彰化縣
2014,2,秈稻,6128,彰化縣
2014,2,在來,6600,彰化縣
2014,2,蓬萊,6347,彰化縣
2014,1,陸稻,0,彰化縣
2014,1,長糯,7224,彰化縣
2014,1,圓糯,7113,彰化縣
2014,1,秈稻,7042,彰化縣
2014,1,在來,7239,彰化縣
2014,1,蓬萊,7137,彰化縣
2014,2,陸稻,0,臺中縣
2014,2,長糯,0,臺中縣
2014,2,圓糯,0,臺中縣
2014,2,秈稻,0,臺中縣
2014,2,在來,0,臺中縣
2014,2,蓬萊,0,臺中縣
2014,1,陸稻,0,臺中縣
2014,1,長糯,0,臺中縣
2014,1,圓糯,0,臺中縣
2014,1,秈稻,0,臺中縣
2014,1,在來,0,臺中縣
2014,1,蓬萊,0,臺中縣
2014,2,陸稻,0,苗栗縣
2014,2,長糯,5204,苗栗縣
2014,2,圓糯,5237,苗栗縣
2014,2,秈稻,5303,苗栗縣
2014,2,在來,5208,苗栗縣
2014,2,蓬萊,5024,苗栗縣
2014,1,陸稻,0,苗栗縣
2014,1,長糯,6001,苗栗縣
2014,1,圓糯,5991,苗栗縣
2014,1,秈稻,6330,苗栗縣
2014,1,在來,6340,苗栗縣
2014,1,蓬萊,6188,苗栗縣
2014,2,陸稻,0,新竹縣
2014,2,長糯,0,新竹縣
2014,2,圓糯,0,新竹縣
2014,2,秈稻,0,新竹縣
2014,2,在來,0,新竹縣
2014,2,蓬萊,5411,新竹縣
2014,1,陸稻,0,新竹縣
2014,1,長糯,0,新竹縣
2014,1,圓糯,0,新竹縣
2014,1,秈稻,0,新竹縣
2014,1,在來,5162,新竹縣
2014,1,蓬萊,5572,新竹縣
2014,2,陸稻,0,宜蘭縣
2014,2,長糯,0,宜蘭縣
2014,2,圓糯,0,宜蘭縣
2014,2,秈稻,0,宜蘭縣
2014,2,在來,0,宜蘭縣
2014,2,蓬萊,0,宜蘭縣
2014,1,陸稻,0,宜蘭縣
2014,1,長糯,6141,宜蘭縣
2014,1,圓糯,6513,宜蘭縣
2014,1,秈稻,6271,宜蘭縣
2014,1,在來,0,宜蘭縣
2014,1,蓬萊,6368,宜蘭縣
2014,2,陸稻,0,高雄市
2014,2,長糯,0,高雄市
2014,2,圓糯,0,高雄市
2014,2,秈稻,4768,高雄市
2014,2,在來,0,高雄市
2014,2,蓬萊,4922,高雄市
2014,1,陸稻,0,高雄市
2014,1,長糯,7153,高雄市
2014,1,圓糯,6810,高雄市
2014,1,秈稻,7148,高雄市
2014,1,在來,7155,高雄市
2014,1,蓬萊,7154,高雄市
2014,2,陸稻,0,臺南市
2014,2,長糯,5954,臺南市
2014,2,圓糯,6223,臺南市
2014,2,秈稻,5744,臺南市
2014,2,在來,5921,臺南市
2014,2,蓬萊,6235,臺南市
2014,1,陸稻,0,臺南市
2014,1,長糯,7069,臺南市
2014,1,圓糯,6831,臺南市
2014,1,秈稻,6776,臺南市
2014,1,在來,6686,臺南市
2014,1,蓬萊,7257,臺南市
2014,2,陸稻,0,臺中市
2014,2,長糯,0,臺中市
2014,2,圓糯,5909,臺中市
2014,2,秈稻,4599,臺中市
2014,2,在來,4783,臺中市
2014,2,蓬萊,5471,臺中市
2014,1,陸稻,0,臺中市
2014,1,長糯,6851,臺中市
2014,1,圓糯,6371,臺中市
2014,1,秈稻,6306,臺中市
2014,1,在來,6339,臺中市
2014,1,蓬萊,6269,臺中市
2014,2,陸稻,0,桃園市
2014,2,長糯,0,桃園市
2014,2,圓糯,0,桃園市
2014,2,秈稻,5800,桃園市
2014,2,在來,0,桃園市
2014,2,蓬萊,4622,桃園市
2014,1,陸稻,0,桃園市
2014,1,長糯,0,桃園市
2014,1,圓糯,0,桃園市
2014,1,秈稻,5695,桃園市
2014,1,在來,5400,桃園市
2014,1,蓬萊,5345,桃園市
2014,2,陸稻,0,臺北市
2014,2,長糯,0,臺北市
2014,2,圓糯,0,臺北市
2014,2,秈稻,0,臺北市
2014,2,在來,0,臺北市
2014,2,蓬萊,4108,臺北市
2014,1,陸稻,0,臺北市
2014,1,長糯,0,臺北市
2014,1,圓糯,0,臺北市
2014,1,秈稻,0,臺北市
2014,1,在來,0,臺北市
2014,1,蓬萊,5010,臺北市
2014,2,陸稻,0,新北市
2014,2,長糯,0,新北市
2014,2,圓糯,0,新北市
2014,2,秈稻,0,新北市
2014,2,在來,0,新北市
2014,2,蓬萊,3288,新北市
2014,1,陸稻,0,新北市
2014,1,長糯,0,新北市
2014,1,圓糯,5200,新北市
2014,1,秈稻,0,新北市
2014,1,在來,0,新北市
2014,1,蓬萊,5236,新北市
2013,2,陸稻,0,嘉義市
2013,2,長糯,5319,嘉義市
2013,2,圓糯,5221,嘉義市
2013,2,秈稻,0,嘉義市
2013,2,在來,5816,嘉義市
2013,2,蓬萊,4912,嘉義市
2013,1,陸稻,0,嘉義市
2013,1,長糯,6215,嘉義市
2013,1,圓糯,6225,嘉義市
2013,1,秈稻,0,嘉義市
2013,1,在來,6201,嘉義市
2013,1,蓬萊,6060,嘉義市
2013,2,陸稻,0,新竹市
2013,2,長糯,0,新竹市
2013,2,圓糯,0,新竹市
2013,2,秈稻,0,新竹市
2013,2,在來,0,新竹市
2013,2,蓬萊,4785,新竹市
2013,1,陸稻,0,新竹市
2013,1,長糯,0,新竹市
2013,1,圓糯,0,新竹市
2013,1,秈稻,0,新竹市
2013,1,在來,0,新竹市
2013,1,蓬萊,5146,新竹市
2013,2,陸稻,0,基隆市
2013,2,長糯,0,基隆市
2013,2,圓糯,0,基隆市
2013,2,秈稻,0,基隆市
2013,2,在來,0,基隆市
2013,2,蓬萊,0,基隆市
2013,1,陸稻,0,基隆市
2013,1,長糯,0,基隆市
2013,1,圓糯,0,基隆市
2013,1,秈稻,0,基隆市
2013,1,在來,0,基隆市
2013,1,蓬萊,0,基隆市
2013,2,陸稻,0,澎湖縣
2013,2,長糯,0,澎湖縣
2013,2,圓糯,0,澎湖縣
2013,2,秈稻,0,澎湖縣
2013,2,在來,0,澎湖縣
2013,2,蓬萊,0,澎湖縣
2013,1,陸稻,0,澎湖縣
2013,1,長糯,0,澎湖縣
2013,1,圓糯,0,澎湖縣
2013,1,秈稻,0,澎湖縣
2013,1,在來,0,澎湖縣
2013,1,蓬萊,0,澎湖縣
2013,2,陸稻,0,花蓮縣
2013,2,長糯,4795,花蓮縣
2013,2,圓糯,4655,花蓮縣
2013,2,秈稻,5115,花蓮縣
2013,2,在來,4084,花蓮縣
2013,2,蓬萊,4921,花蓮縣
2013,1,陸稻,0,花蓮縣
2013,1,長糯,4948,花蓮縣
2013,1,圓糯,4998,花蓮縣
2013,1,秈稻,4928,花蓮縣
2013,1,在來,4959,花蓮縣
2013,1,蓬萊,5017,花蓮縣
2013,2,陸稻,0,臺東縣
2013,2,長糯,4989,臺東縣
2013,2,圓糯,5418,臺東縣
2013,2,秈稻,0,臺東縣
2013,2,在來,0,臺東縣
2013,2,蓬萊,5162,臺東縣
2013,1,陸稻,0,臺東縣
2013,1,長糯,4795,臺東縣
2013,1,圓糯,4396,臺東縣
2013,1,秈稻,0,臺東縣
2013,1,在來,0,臺東縣
2013,1,蓬萊,5573,臺東縣
2013,2,陸稻,0,屏東縣
2013,2,長糯,0,屏東縣
2013,2,圓糯,4090,屏東縣
2013,2,秈稻,0,屏東縣
2013,2,在來,4133,屏東縣
2013,2,蓬萊,4132,屏東縣
2013,1,陸稻,0,屏東縣
2013,1,長糯,6853,屏東縣
2013,1,圓糯,6856,屏東縣
2013,1,秈稻,0,屏東縣
2013,1,在來,7252,屏東縣
2013,1,蓬萊,7213,屏東縣
2013,2,陸稻,0,高雄縣
2013,2,長糯,0,高雄縣
2013,2,圓糯,0,高雄縣
2013,2,秈稻,0,高雄縣
2013,2,在來,0,高雄縣
2013,2,蓬萊,0,高雄縣
2013,1,陸稻,0,高雄縣
2013,1,長糯,0,高雄縣
2013,1,圓糯,0,高雄縣
2013,1,秈稻,0,高雄縣
2013,1,在來,0,高雄縣
2013,1,蓬萊,0,高雄縣
2013,2,陸稻,0,臺南縣
2013,2,長糯,0,臺南縣
2013,2,圓糯,0,臺南縣
2013,2,秈稻,0,臺南縣
2013,2,在來,0,臺南縣
2013,2,蓬萊,0,臺南縣
2013,1,陸稻,0,臺南縣
2013,1,長糯,0,臺南縣
2013,1,圓糯,0,臺南縣
2013,1,秈稻,0,臺南縣
2013,1,在來,0,臺南縣
2013,1,蓬萊,0,臺南縣
2013,2,陸稻,0,嘉義縣
2013,2,長糯,4516,嘉義縣
2013,2,圓糯,4850,嘉義縣
2013,2,秈稻,3830,嘉義縣
2013,2,在來,4391,嘉義縣
2013,2,蓬萊,4551,嘉義縣
2013,1,陸稻,0,嘉義縣
2013,1,長糯,6240,嘉義縣
2013,1,圓糯,6146,嘉義縣
2013,1,秈稻,5918,嘉義縣
2013,1,在來,6074,嘉義縣
2013,1,蓬萊,6076,嘉義縣
2013,2,陸稻,0,雲林縣
2013,2,長糯,6240,雲林縣
2013,2,圓糯,6166,雲林縣
2013,2,秈稻,5557,雲林縣
2013,2,在來,5925,雲林縣
2013,2,蓬萊,6225,雲林縣
2013,1,陸稻,0,雲林縣
2013,1,長糯,6885,雲林縣
2013,1,圓糯,6886,雲林縣
2013,1,秈稻,6860,雲林縣
2013,1,在來,6776,雲林縣
2013,1,蓬萊,7007,雲林縣
2013,2,陸稻,0,南投縣
2013,2,長糯,5596,南投縣
2013,2,圓糯,5954,南投縣
2013,2,秈稻,0,南投縣
2013,2,在來,0,南投縣
2013,2,蓬萊,5975,南投縣
2013,1,陸稻,0,南投縣
2013,1,長糯,6425,南投縣
2013,1,圓糯,6608,南投縣
2013,1,秈稻,6241,南投縣
2013,1,在來,0,南投縣
2013,1,蓬萊,6500,南投縣
2013,2,陸稻,0,彰化縣
2013,2,長糯,5399,彰化縣
2013,2,圓糯,5374,彰化縣
2013,2,秈稻,4727,彰化縣
2013,2,在來,4326,彰化縣
2013,2,蓬萊,5828,彰化縣
2013,1,陸稻,0,彰化縣
2013,1,長糯,7455,彰化縣
2013,1,圓糯,7633,彰化縣
2013,1,秈稻,7437,彰化縣
2013,1,在來,6176,彰化縣
2013,1,蓬萊,7209,彰化縣
2013,2,陸稻,0,臺中縣
2013,2,長糯,0,臺中縣
2013,2,圓糯,0,臺中縣
2013,2,秈稻,0,臺中縣
2013,2,在來,0,臺中縣
2013,2,蓬萊,0,臺中縣
2013,1,陸稻,0,臺中縣
2013,1,長糯,0,臺中縣
2013,1,圓糯,0,臺中縣
2013,1,秈稻,0,臺中縣
2013,1,在來,0,臺中縣
2013,1,蓬萊,0,臺中縣
2013,2,陸稻,0,苗栗縣
2013,2,長糯,5238,苗栗縣
2013,2,圓糯,5104,苗栗縣
2013,2,秈稻,5265,苗栗縣
2013,2,在來,5125,苗栗縣
2013,2,蓬萊,4762,苗栗縣
2013,1,陸稻,0,苗栗縣
2013,1,長糯,5401,苗栗縣
2013,1,圓糯,5413,苗栗縣
2013,1,秈稻,6498,苗栗縣
2013,1,在來,6525,苗栗縣
2013,1,蓬萊,6301,苗栗縣
2013,2,陸稻,0,新竹縣
2013,2,長糯,0,新竹縣
2013,2,圓糯,0,新竹縣
2013,2,秈稻,4624,新竹縣
2013,2,在來,0,新竹縣
2013,2,蓬萊,4817,新竹縣
2013,1,陸稻,0,新竹縣
2013,1,長糯,0,新竹縣
2013,1,圓糯,0,新竹縣
2013,1,秈稻,5535,新竹縣
2013,1,在來,0,新竹縣
2013,1,蓬萊,5540,新竹縣
2013,2,陸稻,0,宜蘭縣
2013,2,長糯,0,宜蘭縣
2013,2,圓糯,0,宜蘭縣
2013,2,秈稻,0,宜蘭縣
2013,2,在來,0,宜蘭縣
2013,2,蓬萊,1200,宜蘭縣
2013,1,陸稻,0,宜蘭縣
2013,1,長糯,6950,宜蘭縣
2013,1,圓糯,6304,宜蘭縣
2013,1,秈稻,6070,宜蘭縣
2013,1,在來,0,宜蘭縣
2013,1,蓬萊,6270,宜蘭縣
2013,2,陸稻,0,高雄市
2013,2,長糯,3920,高雄市
2013,2,圓糯,3885,高雄市
2013,2,秈稻,4001,高雄市
2013,2,在來,3950,高雄市
2013,2,蓬萊,4053,高雄市
2013,1,陸稻,0,高雄市
2013,1,長糯,6990,高雄市
2013,1,圓糯,6890,高雄市
2013,1,秈稻,7013,高雄市
2013,1,在來,7014,高雄市
2013,1,蓬萊,7001,高雄市
2013,2,陸稻,0,臺南市
2013,2,長糯,4816,臺南市
2013,2,圓糯,5262,臺南市
2013,2,秈稻,4696,臺南市
2013,2,在來,4613,臺南市
2013,2,蓬萊,5123,臺南市
2013,1,陸稻,0,臺南市
2013,1,長糯,5964,臺南市
2013,1,圓糯,5901,臺南市
2013,1,秈稻,5691,臺南市
2013,1,在來,5573,臺南市
2013,1,蓬萊,5978,臺南市
2013,2,陸稻,0,臺中市
2013,2,長糯,0,臺中市
2013,2,圓糯,4741,臺中市
2013,2,秈稻,4910,臺中市
2013,2,在來,4632,臺中市
2013,2,蓬萊,4540,臺中市
2013,1,陸稻,0,臺中市
2013,1,長糯,7005,臺中市
2013,1,圓糯,6628,臺中市
2013,1,秈稻,6755,臺中市
2013,1,在來,6912,臺中市
2013,1,蓬萊,6247,臺中市
2013,2,陸稻,0,桃園市
2013,2,長糯,0,桃園市
2013,2,圓糯,0,桃園市
2013,2,秈稻,4261,桃園市
2013,2,在來,4200,桃園市
2013,2,蓬萊,4224,桃園市
2013,1,陸稻,0,桃園市
2013,1,長糯,0,桃園市
2013,1,圓糯,0,桃園市
2013,1,秈稻,4698,桃園市
2013,1,在來,4327,桃園市
2013,1,蓬萊,4811,桃園市
2013,2,陸稻,0,臺北市
2013,2,長糯,0,臺北市
2013,2,圓糯,0,臺北市
2013,2,秈稻,0,臺北市
2013,2,在來,0,臺北市
2013,2,蓬萊,2488,臺北市
2013,1,陸稻,0,臺北市
2013,1,長糯,0,臺北市
2013,1,圓糯,0,臺北市
2013,1,秈稻,0,臺北市
2013,1,在來,0,臺北市
2013,1,蓬萊,4401,臺北市
2013,2,陸稻,0,新北市
2013,2,長糯,0,新北市
2013,2,圓糯,0,新北市
2013,2,秈稻,0,新北市
2013,2,在來,0,新北市
2013,2,蓬萊,2055,新北市
2013,1,陸稻,0,新北市
2013,1,長糯,0,新北市
2013,1,圓糯,5200,新北市
2013,1,秈稻,0,新北市
2013,1,在來,4500,新北市
2013,1,蓬萊,4527,新北市

